NomerId;Nomer;Udobstva;Kondei;Bed
0;100;Ванна;В наличии;Разделенные
1;101;Душ;В наличии;Разделенные
2;102;Душ;Не имеется;Объединенная
3;103;Ванна;В наличии;Разделенные
4;104;Ванна;Не имеется;Объединенная
5;105;Ванна;Не имеется;Объединенная
6;106;Душ;Не имеется;Разделенные
7;107;Ванна;Не имеется;Объединенная
8;108;Душ;В наличии;Объединенная
9;109;Ванна;Не имеется;Разделенные
10;110;Ванна;В наличии;Разделенные
11;111;Душ;В наличии;Объединенная
12;112;Ванна;В наличии;Объединенная
13;113;Ванна;В наличии;Объединенная
14;114;Душ;Не имеется;Объединенная
15;115;Душ;Не имеется;Объединенная
16;116;Душ;Не имеется;Объединенная
17;117;Ванна;Не имеется;Разделенные
18;118;Ванна;В наличии;Разделенные
19;119;Душ;В наличии;Объединенная
20;120;Душ;В наличии;Разделенные
21;121;Душ;В наличии;Разделенные
22;122;Душ;В наличии;Объединенная
23;123;Ванна;Не имеется;Разделенные
24;124;Душ;В наличии;Разделенные
25;125;Ванна;В наличии;Объединенная
26;126;Ванна;Не имеется;Объединенная
27;127;Душ;В наличии;Объединенная
28;128;Душ;В наличии;Объединенная
29;129;Душ;Не имеется;Разделенные
30;130;Душ;Не имеется;Разделенные
31;131;Ванна;В наличии;Объединенная
32;132;Душ;В наличии;Объединенная
33;133;Ванна;Не имеется;Объединенная
34;134;Ванна;В наличии;Объединенная
35;135;Ванна;Не имеется;Объединенная
36;136;Душ;Не имеется;Разделенные
37;137;Душ;В наличии;Объединенная
38;138;Душ;Не имеется;Объединенная
39;139;Душ;Не имеется;Разделенные
40;140;Душ;Не имеется;Объединенная
41;141;Душ;В наличии;Разделенные
42;142;Ванна;В наличии;Объединенная
43;143;Душ;Не имеется;Объединенная
44;144;Душ;Не имеется;Разделенные
45;145;Ванна;В наличии;Объединенная
46;146;Душ;Не имеется;Разделенные
47;147;Ванна;Не имеется;Разделенные
48;148;Ванна;Не имеется;Объединенная
49;149;Ванна;Не имеется;Объединенная
50;150;Душ;В наличии;Разделенные
51;151;Душ;Не имеется;Объединенная
52;152;Ванна;Не имеется;Разделенные
53;153;Ванна;В наличии;Объединенная
54;154;Душ;В наличии;Разделенные
55;155;Ванна;В наличии;Разделенные
56;156;Душ;Не имеется;Объединенная
57;157;Душ;Не имеется;Разделенные
58;158;Ванна;В наличии;Разделенные
59;159;Душ;В наличии;Объединенная
60;160;Душ;Не имеется;Объединенная
61;161;Ванна;Не имеется;Объединенная
62;162;Душ;В наличии;Разделенные
63;163;Ванна;В наличии;Объединенная
64;164;Ванна;Не имеется;Разделенные
65;165;Душ;Не имеется;Разделенные
66;166;Душ;В наличии;Разделенные
67;167;Душ;В наличии;Разделенные
68;168;Душ;В наличии;Объединенная
69;169;Душ;Не имеется;Разделенные
70;170;Ванна;Не имеется;Объединенная
71;171;Душ;В наличии;Разделенные
72;172;Душ;В наличии;Объединенная
73;173;Ванна;Не имеется;Объединенная
74;174;Душ;В наличии;Разделенные
75;175;Душ;Не имеется;Разделенные
76;176;Душ;В наличии;Разделенные
77;177;Душ;В наличии;Объединенная
78;178;Душ;В наличии;Разделенные
79;179;Душ;В наличии;Объединенная
80;180;Душ;Не имеется;Объединенная
81;181;Ванна;Не имеется;Объединенная
82;182;Душ;Не имеется;Объединенная
83;183;Ванна;Не имеется;Разделенные
84;184;Душ;Не имеется;Объединенная
85;185;Душ;Не имеется;Разделенные
86;186;Душ;В наличии;Объединенная
87;187;Душ;Не имеется;Объединенная
88;188;Ванна;Не имеется;Разделенные
89;189;Душ;Не имеется;Разделенные
90;190;Ванна;Не имеется;Объединенная
91;191;Ванна;Не имеется;Объединенная
92;192;Ванна;В наличии;Разделенные
93;193;Ванна;В наличии;Разделенные
94;194;Ванна;В наличии;Разделенные
95;195;Душ;В наличии;Разделенные
96;196;Душ;Не имеется;Разделенные
97;197;Душ;Не имеется;Разделенные
98;198;Душ;В наличии;Объединенная
99;199;Душ;Не имеется;Объединенная
100;200;Ванна;В наличии;Разделенные
101;201;Душ;Не имеется;Объединенная
102;202;Ванна;Не имеется;Разделенные
103;203;Душ;Не имеется;Разделенные
104;204;Душ;В наличии;Объединенная
105;205;Душ;В наличии;Разделенные
106;206;Ванна;Не имеется;Разделенные
107;207;Душ;Не имеется;Разделенные
108;208;Душ;В наличии;Разделенные
109;209;Душ;Не имеется;Разделенные
110;210;Душ;Не имеется;Разделенные
111;211;Душ;В наличии;Разделенные
112;212;Душ;В наличии;Разделенные
113;213;Душ;В наличии;Объединенная
114;214;Душ;В наличии;Объединенная
115;215;Ванна;В наличии;Объединенная
116;216;Душ;В наличии;Разделенные
117;217;Душ;В наличии;Разделенные
118;218;Душ;Не имеется;Разделенные
119;219;Душ;Не имеется;Объединенная
120;220;Душ;Не имеется;Разделенные
121;221;Душ;Не имеется;Объединенная
122;222;Ванна;В наличии;Разделенные
123;223;Ванна;В наличии;Объединенная
124;224;Ванна;В наличии;Объединенная
125;225;Ванна;В наличии;Объединенная
126;226;Ванна;В наличии;Объединенная
127;227;Ванна;Не имеется;Разделенные
128;228;Душ;В наличии;Разделенные
129;229;Душ;Не имеется;Объединенная
130;230;Ванна;Не имеется;Разделенные
131;231;Ванна;В наличии;Разделенные
132;232;Душ;Не имеется;Разделенные
133;233;Душ;В наличии;Объединенная
134;234;Ванна;Не имеется;Объединенная
135;235;Ванна;В наличии;Объединенная
136;236;Ванна;В наличии;Объединенная
137;237;Душ;Не имеется;Разделенные
138;238;Душ;Не имеется;Разделенные
139;239;Ванна;Не имеется;Объединенная
140;240;Ванна;Не имеется;Объединенная
141;241;Ванна;Не имеется;Объединенная
142;242;Душ;В наличии;Разделенные
143;243;Душ;Не имеется;Объединенная
144;244;Душ;В наличии;Разделенные
145;245;Душ;В наличии;Объединенная
146;246;Душ;В наличии;Разделенные
147;247;Ванна;В наличии;Разделенные
148;248;Душ;В наличии;Объединенная
149;249;Душ;В наличии;Объединенная
150;250;Душ;В наличии;Разделенные
151;251;Душ;Не имеется;Объединенная
152;252;Душ;Не имеется;Объединенная
153;253;Душ;Не имеется;Разделенные
154;254;Душ;Не имеется;Объединенная
155;255;Душ;Не имеется;Разделенные
156;256;Душ;Не имеется;Разделенные
157;257;Ванна;Не имеется;Разделенные
158;258;Ванна;Не имеется;Разделенные
159;259;Ванна;Не имеется;Разделенные
160;260;Ванна;В наличии;Разделенные
161;261;Душ;Не имеется;Разделенные
162;262;Душ;Не имеется;Объединенная
163;263;Ванна;Не имеется;Разделенные
164;264;Душ;В наличии;Объединенная
165;265;Душ;Не имеется;Разделенные
166;266;Ванна;Не имеется;Разделенные
167;267;Ванна;Не имеется;Объединенная
168;268;Ванна;В наличии;Разделенные
169;269;Ванна;Не имеется;Объединенная
170;270;Ванна;В наличии;Объединенная
171;271;Душ;В наличии;Объединенная
172;272;Душ;В наличии;Разделенные
173;273;Ванна;Не имеется;Разделенные
174;274;Душ;Не имеется;Объединенная
175;275;Ванна;В наличии;Разделенные
176;276;Ванна;В наличии;Объединенная
177;277;Ванна;Не имеется;Разделенные
178;278;Душ;Не имеется;Разделенные
179;279;Душ;Не имеется;Разделенные
180;280;Ванна;В наличии;Разделенные
181;281;Ванна;В наличии;Объединенная
182;282;Душ;Не имеется;Объединенная
183;283;Душ;Не имеется;Объединенная
184;284;Душ;В наличии;Разделенные
185;285;Ванна;В наличии;Разделенные
186;286;Ванна;Не имеется;Объединенная
187;287;Ванна;В наличии;Разделенные
188;288;Ванна;В наличии;Разделенные
189;289;Ванна;Не имеется;Объединенная
190;290;Ванна;Не имеется;Объединенная
191;291;Душ;Не имеется;Объединенная
192;292;Ванна;Не имеется;Объединенная
193;293;Ванна;Не имеется;Объединенная
194;294;Ванна;Не имеется;Разделенные
195;295;Душ;Не имеется;Разделенные
196;296;Ванна;В наличии;Разделенные
197;297;Душ;Не имеется;Объединенная
198;298;Ванна;Не имеется;Разделенные
199;299;Ванна;В наличии;Разделенные
200;300;Ванна;В наличии;Объединенная
201;301;Душ;В наличии;Объединенная
202;302;Ванна;Не имеется;Объединенная
203;303;Ванна;В наличии;Разделенные
204;304;Душ;В наличии;Объединенная
205;305;Душ;Не имеется;Объединенная
206;306;Душ;Не имеется;Разделенные
207;307;Ванна;Не имеется;Объединенная
208;308;Душ;В наличии;Объединенная
209;309;Ванна;Не имеется;Объединенная
210;310;Ванна;Не имеется;Разделенные
211;311;Ванна;Не имеется;Объединенная
212;312;Ванна;Не имеется;Объединенная
213;313;Ванна;В наличии;Объединенная
214;314;Ванна;В наличии;Объединенная
215;315;Душ;В наличии;Объединенная
216;316;Ванна;В наличии;Разделенные
217;317;Ванна;Не имеется;Разделенные
218;318;Ванна;Не имеется;Объединенная
219;319;Душ;Не имеется;Разделенные
220;320;Ванна;Не имеется;Объединенная
221;321;Душ;Не имеется;Объединенная
222;322;Ванна;В наличии;Разделенные
223;323;Душ;В наличии;Разделенные
224;324;Душ;В наличии;Объединенная
225;325;Душ;Не имеется;Объединенная
226;326;Душ;В наличии;Объединенная
227;327;Ванна;Не имеется;Объединенная
228;328;Душ;В наличии;Объединенная
229;329;Душ;В наличии;Объединенная
230;330;Душ;Не имеется;Объединенная
231;331;Ванна;В наличии;Объединенная
232;332;Душ;В наличии;Объединенная
233;333;Ванна;Не имеется;Объединенная
234;334;Ванна;Не имеется;Объединенная
235;335;Ванна;В наличии;Разделенные
236;336;Душ;В наличии;Объединенная
237;337;Ванна;Не имеется;Объединенная
238;338;Душ;Не имеется;Объединенная
239;339;Ванна;Не имеется;Разделенные
240;340;Душ;В наличии;Объединенная
241;341;Душ;Не имеется;Разделенные
242;342;Душ;В наличии;Объединенная
243;343;Душ;Не имеется;Объединенная
244;344;Душ;В наличии;Разделенные
245;345;Ванна;Не имеется;Объединенная
246;346;Душ;В наличии;Объединенная
247;347;Ванна;В наличии;Разделенные
248;348;Ванна;В наличии;Разделенные
249;349;Ванна;В наличии;Разделенные
250;350;Душ;В наличии;Объединенная
251;351;Душ;Не имеется;Разделенные
252;352;Душ;В наличии;Разделенные
253;353;Душ;В наличии;Разделенные
254;354;Душ;Не имеется;Разделенные
255;355;Ванна;Не имеется;Разделенные
256;356;Ванна;Не имеется;Объединенная
257;357;Ванна;Не имеется;Разделенные
258;358;Ванна;В наличии;Объединенная
259;359;Ванна;В наличии;Объединенная
260;360;Ванна;В наличии;Объединенная
261;361;Ванна;В наличии;Объединенная
262;362;Душ;Не имеется;Объединенная
263;363;Ванна;В наличии;Объединенная
264;364;Ванна;Не имеется;Объединенная
265;365;Ванна;В наличии;Разделенные
266;366;Ванна;Не имеется;Объединенная
267;367;Душ;Не имеется;Объединенная
268;368;Ванна;В наличии;Объединенная
269;369;Ванна;Не имеется;Объединенная
270;370;Душ;В наличии;Объединенная
271;371;Душ;Не имеется;Разделенные
272;372;Ванна;В наличии;Объединенная
273;373;Душ;В наличии;Объединенная
274;374;Душ;В наличии;Объединенная
275;375;Ванна;В наличии;Объединенная
276;376;Ванна;В наличии;Разделенные
277;377;Ванна;В наличии;Разделенные
278;378;Душ;В наличии;Объединенная
279;379;Душ;В наличии;Объединенная
280;380;Душ;В наличии;Разделенные
281;381;Душ;Не имеется;Разделенные
282;382;Ванна;Не имеется;Объединенная
283;383;Ванна;В наличии;Разделенные
284;384;Ванна;Не имеется;Разделенные
285;385;Ванна;В наличии;Разделенные
286;386;Душ;Не имеется;Разделенные
287;387;Душ;В наличии;Разделенные
288;388;Душ;Не имеется;Разделенные
289;389;Душ;Не имеется;Разделенные
290;390;Душ;В наличии;Объединенная
291;391;Ванна;Не имеется;Разделенные
292;392;Ванна;Не имеется;Разделенные
293;393;Душ;В наличии;Объединенная
294;394;Ванна;Не имеется;Разделенные
295;395;Душ;Не имеется;Объединенная
296;396;Ванна;Не имеется;Разделенные
297;397;Душ;В наличии;Объединенная
298;398;Ванна;Не имеется;Разделенные
299;399;Ванна;В наличии;Объединенная
300;400;Душ;В наличии;Объединенная
301;401;Ванна;В наличии;Объединенная
302;402;Душ;В наличии;Объединенная
303;403;Ванна;Не имеется;Объединенная
304;404;Душ;Не имеется;Разделенные
305;405;Душ;В наличии;Объединенная
306;406;Душ;Не имеется;Разделенные
307;407;Душ;В наличии;Объединенная
308;408;Ванна;В наличии;Объединенная
309;409;Ванна;В наличии;Разделенные
310;410;Душ;Не имеется;Объединенная
311;411;Душ;В наличии;Объединенная
312;412;Ванна;В наличии;Разделенные
313;413;Ванна;В наличии;Объединенная
314;414;Душ;В наличии;Объединенная
315;415;Душ;В наличии;Объединенная
316;416;Ванна;В наличии;Разделенные
317;417;Душ;Не имеется;Разделенные
318;418;Душ;В наличии;Разделенные
319;419;Ванна;В наличии;Разделенные
320;420;Душ;Не имеется;Объединенная
321;421;Душ;В наличии;Разделенные
322;422;Душ;Не имеется;Разделенные
323;423;Душ;Не имеется;Разделенные
324;424;Душ;В наличии;Разделенные
325;425;Душ;Не имеется;Разделенные
326;426;Душ;Не имеется;Объединенная
327;427;Душ;Не имеется;Объединенная
328;428;Ванна;В наличии;Объединенная
329;429;Ванна;Не имеется;Объединенная
330;430;Ванна;Не имеется;Разделенные
331;431;Ванна;В наличии;Объединенная
332;432;Душ;Не имеется;Разделенные
333;433;Душ;Не имеется;Объединенная
334;434;Душ;Не имеется;Объединенная
335;435;Душ;Не имеется;Объединенная
336;436;Душ;В наличии;Объединенная
337;437;Душ;Не имеется;Объединенная
338;438;Ванна;Не имеется;Разделенные
339;439;Душ;Не имеется;Разделенные
340;440;Душ;В наличии;Разделенные
341;441;Ванна;Не имеется;Объединенная
342;442;Душ;В наличии;Разделенные
343;443;Ванна;Не имеется;Объединенная
344;444;Душ;В наличии;Разделенные
345;445;Ванна;В наличии;Объединенная
346;446;Ванна;В наличии;Разделенные
347;447;Душ;Не имеется;Объединенная
348;448;Ванна;Не имеется;Объединенная
349;449;Ванна;Не имеется;Объединенная
350;450;Душ;Не имеется;Объединенная
351;451;Ванна;В наличии;Разделенные
352;452;Ванна;В наличии;Объединенная
353;453;Ванна;Не имеется;Разделенные
354;454;Душ;В наличии;Объединенная
355;455;Ванна;В наличии;Разделенные
356;456;Ванна;В наличии;Разделенные
357;457;Ванна;Не имеется;Объединенная
358;458;Душ;Не имеется;Разделенные
359;459;Ванна;Не имеется;Разделенные
360;460;Ванна;Не имеется;Разделенные
361;461;Душ;Не имеется;Объединенная
362;462;Ванна;Не имеется;Разделенные
363;463;Ванна;Не имеется;Разделенные
364;464;Ванна;Не имеется;Разделенные
365;465;Душ;В наличии;Объединенная
366;466;Ванна;Не имеется;Разделенные
367;467;Ванна;Не имеется;Объединенная
368;468;Ванна;Не имеется;Объединенная
369;469;Душ;Не имеется;Объединенная
370;470;Ванна;В наличии;Объединенная
371;471;Ванна;В наличии;Объединенная
372;472;Ванна;Не имеется;Объединенная
373;473;Ванна;В наличии;Разделенные
374;474;Ванна;В наличии;Разделенные
375;475;Ванна;Не имеется;Разделенные
376;476;Ванна;Не имеется;Объединенная
377;477;Душ;В наличии;Объединенная
378;478;Душ;Не имеется;Объединенная
379;479;Ванна;Не имеется;Объединенная
380;480;Душ;В наличии;Разделенные
381;481;Ванна;Не имеется;Разделенные
382;482;Душ;В наличии;Разделенные
383;483;Ванна;В наличии;Разделенные
384;484;Душ;В наличии;Объединенная
385;485;Душ;Не имеется;Объединенная
386;486;Ванна;Не имеется;Разделенные
387;487;Ванна;Не имеется;Объединенная
388;488;Душ;В наличии;Разделенные
389;489;Душ;В наличии;Объединенная
390;490;Ванна;Не имеется;Разделенные
391;491;Душ;В наличии;Разделенные
392;492;Ванна;Не имеется;Объединенная
393;493;Душ;В наличии;Объединенная
394;494;Ванна;Не имеется;Объединенная
395;495;Душ;Не имеется;Разделенные
396;496;Ванна;В наличии;Объединенная
397;497;Ванна;В наличии;Объединенная
398;498;Ванна;В наличии;Объединенная
399;499;Душ;В наличии;Объединенная
400;500;Ванна;В наличии;Объединенная
401;501;Ванна;Не имеется;Разделенные
402;502;Душ;В наличии;Объединенная
403;503;Ванна;В наличии;Разделенные
404;504;Душ;Не имеется;Разделенные
405;505;Ванна;В наличии;Объединенная
406;506;Душ;Не имеется;Объединенная
407;507;Ванна;Не имеется;Объединенная
408;508;Ванна;Не имеется;Разделенные
409;509;Душ;Не имеется;Разделенные
410;510;Ванна;Не имеется;Разделенные
411;511;Душ;Не имеется;Разделенные
412;512;Душ;Не имеется;Разделенные
413;513;Ванна;В наличии;Объединенная
414;514;Ванна;Не имеется;Разделенные
415;515;Душ;В наличии;Объединенная
416;516;Ванна;Не имеется;Объединенная
417;517;Ванна;В наличии;Разделенные
418;518;Ванна;Не имеется;Разделенные
419;519;Душ;В наличии;Объединенная
420;520;Ванна;Не имеется;Объединенная
421;521;Ванна;В наличии;Разделенные
422;522;Ванна;В наличии;Разделенные
423;523;Душ;Не имеется;Объединенная
424;524;Душ;Не имеется;Объединенная
425;525;Ванна;В наличии;Разделенные
426;526;Душ;Не имеется;Разделенные
427;527;Душ;Не имеется;Разделенные
428;528;Душ;Не имеется;Разделенные
429;529;Ванна;В наличии;Разделенные
430;530;Душ;В наличии;Объединенная
431;531;Душ;Не имеется;Объединенная
432;532;Ванна;Не имеется;Объединенная
433;533;Ванна;Не имеется;Разделенные
434;534;Душ;В наличии;Объединенная
435;535;Ванна;Не имеется;Объединенная
436;536;Душ;Не имеется;Разделенные
437;537;Ванна;В наличии;Объединенная
438;538;Душ;В наличии;Разделенные
439;539;Ванна;Не имеется;Объединенная
440;540;Душ;В наличии;Объединенная
441;541;Душ;В наличии;Разделенные
442;542;Душ;Не имеется;Разделенные
443;543;Ванна;Не имеется;Объединенная
444;544;Душ;В наличии;Разделенные
445;545;Ванна;В наличии;Объединенная
446;546;Ванна;В наличии;Объединенная
447;547;Ванна;Не имеется;Разделенные
448;548;Душ;В наличии;Разделенные
449;549;Ванна;Не имеется;Объединенная
450;550;Душ;В наличии;Разделенные
451;551;Душ;Не имеется;Объединенная
452;552;Душ;В наличии;Объединенная
453;553;Душ;В наличии;Разделенные
454;554;Душ;Не имеется;Разделенные
455;555;Душ;Не имеется;Объединенная
456;556;Душ;Не имеется;Разделенные
457;557;Душ;Не имеется;Объединенная
458;558;Душ;В наличии;Объединенная
459;559;Душ;Не имеется;Разделенные
460;560;Душ;Не имеется;Объединенная
461;561;Душ;Не имеется;Разделенные
462;562;Ванна;В наличии;Объединенная
463;563;Ванна;Не имеется;Разделенные
464;564;Ванна;В наличии;Разделенные
465;565;Ванна;В наличии;Объединенная
466;566;Душ;В наличии;Объединенная
467;567;Душ;В наличии;Объединенная
468;568;Душ;В наличии;Разделенные
469;569;Ванна;Не имеется;Объединенная
470;570;Ванна;Не имеется;Объединенная
471;571;Ванна;Не имеется;Разделенные
472;572;Ванна;Не имеется;Разделенные
473;573;Ванна;В наличии;Разделенные
474;574;Ванна;Не имеется;Разделенные
475;575;Душ;Не имеется;Объединенная
476;576;Ванна;Не имеется;Разделенные
477;577;Ванна;В наличии;Разделенные
478;578;Ванна;Не имеется;Разделенные
479;579;Душ;Не имеется;Разделенные
480;580;Ванна;В наличии;Разделенные
481;581;Ванна;В наличии;Разделенные
482;582;Ванна;Не имеется;Разделенные
483;583;Ванна;Не имеется;Объединенная
484;584;Ванна;Не имеется;Разделенные
485;585;Ванна;В наличии;Объединенная
486;586;Ванна;Не имеется;Объединенная
487;587;Ванна;В наличии;Разделенные
488;588;Ванна;Не имеется;Объединенная
489;589;Душ;В наличии;Разделенные
490;590;Душ;В наличии;Объединенная
491;591;Ванна;В наличии;Разделенные
492;592;Душ;Не имеется;Объединенная
493;593;Ванна;Не имеется;Объединенная
494;594;Ванна;В наличии;Объединенная
495;595;Ванна;Не имеется;Объединенная
496;596;Душ;В наличии;Объединенная
497;597;Душ;В наличии;Объединенная
498;598;Ванна;В наличии;Объединенная
499;599;Ванна;Не имеется;Объединенная
500;600;Душ;В наличии;Объединенная
501;601;Душ;Не имеется;Объединенная
502;602;Душ;В наличии;Объединенная
503;603;Душ;В наличии;Объединенная
504;604;Душ;Не имеется;Объединенная
505;605;Душ;Не имеется;Разделенные
506;606;Ванна;В наличии;Объединенная
507;607;Ванна;Не имеется;Объединенная
508;608;Ванна;В наличии;Объединенная
509;609;Ванна;Не имеется;Объединенная
510;610;Душ;В наличии;Объединенная
511;611;Душ;В наличии;Разделенные
512;612;Ванна;В наличии;Объединенная
513;613;Душ;В наличии;Объединенная
514;614;Душ;В наличии;Разделенные
515;615;Ванна;Не имеется;Разделенные
516;616;Ванна;В наличии;Объединенная
517;617;Душ;Не имеется;Объединенная
518;618;Душ;Не имеется;Объединенная
519;619;Ванна;Не имеется;Разделенные
520;620;Ванна;В наличии;Объединенная
521;621;Душ;В наличии;Объединенная
522;622;Ванна;В наличии;Разделенные
523;623;Ванна;В наличии;Разделенные
524;624;Ванна;Не имеется;Разделенные
525;625;Душ;Не имеется;Объединенная
526;626;Ванна;Не имеется;Разделенные
527;627;Душ;Не имеется;Объединенная
528;628;Ванна;В наличии;Объединенная
529;629;Душ;В наличии;Объединенная
530;630;Ванна;В наличии;Разделенные
531;631;Душ;Не имеется;Объединенная
532;632;Ванна;В наличии;Объединенная
533;633;Ванна;Не имеется;Объединенная
534;634;Ванна;В наличии;Объединенная
535;635;Душ;Не имеется;Объединенная
536;636;Ванна;В наличии;Объединенная
537;637;Душ;В наличии;Объединенная
538;638;Душ;В наличии;Объединенная
539;639;Ванна;В наличии;Разделенные
540;640;Ванна;В наличии;Объединенная
541;641;Душ;Не имеется;Объединенная
542;642;Ванна;Не имеется;Разделенные
543;643;Ванна;Не имеется;Объединенная
544;644;Душ;Не имеется;Объединенная
545;645;Ванна;В наличии;Разделенные
546;646;Ванна;Не имеется;Объединенная
547;647;Ванна;В наличии;Разделенные
548;648;Душ;Не имеется;Разделенные
549;649;Ванна;Не имеется;Разделенные
550;650;Ванна;В наличии;Объединенная
551;651;Душ;Не имеется;Разделенные
552;652;Душ;Не имеется;Разделенные
553;653;Душ;В наличии;Разделенные
554;654;Душ;В наличии;Разделенные
555;655;Душ;Не имеется;Разделенные
556;656;Душ;В наличии;Разделенные
557;657;Ванна;Не имеется;Разделенные
558;658;Душ;Не имеется;Разделенные
559;659;Душ;В наличии;Объединенная
560;660;Ванна;В наличии;Объединенная
561;661;Ванна;Не имеется;Объединенная
562;662;Душ;В наличии;Объединенная
563;663;Душ;В наличии;Разделенные
564;664;Душ;Не имеется;Разделенные
565;665;Душ;Не имеется;Объединенная
566;666;Ванна;В наличии;Разделенные
567;667;Ванна;В наличии;Объединенная
568;668;Ванна;В наличии;Разделенные
569;669;Душ;В наличии;Разделенные
570;670;Ванна;В наличии;Разделенные
571;671;Душ;Не имеется;Разделенные
572;672;Ванна;В наличии;Объединенная
573;673;Ванна;Не имеется;Объединенная
574;674;Ванна;В наличии;Разделенные
575;675;Ванна;В наличии;Разделенные
576;676;Душ;Не имеется;Объединенная
577;677;Душ;В наличии;Разделенные
578;678;Ванна;В наличии;Разделенные
579;679;Ванна;Не имеется;Объединенная
580;680;Душ;Не имеется;Объединенная
581;681;Душ;Не имеется;Объединенная
582;682;Ванна;В наличии;Объединенная
583;683;Душ;В наличии;Разделенные
584;684;Ванна;Не имеется;Объединенная
585;685;Душ;Не имеется;Объединенная
586;686;Душ;В наличии;Разделенные
587;687;Душ;Не имеется;Объединенная
588;688;Душ;В наличии;Объединенная
589;689;Ванна;Не имеется;Объединенная
590;690;Ванна;Не имеется;Разделенные
591;691;Ванна;В наличии;Объединенная
592;692;Ванна;Не имеется;Разделенные
593;693;Ванна;В наличии;Объединенная
594;694;Душ;Не имеется;Объединенная
595;695;Ванна;Не имеется;Разделенные
596;696;Ванна;Не имеется;Объединенная
597;697;Ванна;Не имеется;Разделенные
598;698;Ванна;Не имеется;Разделенные
599;699;Ванна;В наличии;Объединенная
600;700;Ванна;Не имеется;Объединенная
601;701;Ванна;В наличии;Разделенные
602;702;Душ;Не имеется;Объединенная
603;703;Душ;Не имеется;Разделенные
604;704;Душ;Не имеется;Разделенные
605;705;Ванна;Не имеется;Разделенные
606;706;Душ;В наличии;Разделенные
607;707;Душ;В наличии;Разделенные
608;708;Душ;В наличии;Объединенная
609;709;Душ;В наличии;Разделенные
610;710;Душ;Не имеется;Разделенные
611;711;Душ;Не имеется;Разделенные
612;712;Ванна;Не имеется;Разделенные
613;713;Ванна;Не имеется;Объединенная
614;714;Ванна;В наличии;Разделенные
615;715;Душ;В наличии;Разделенные
616;716;Душ;Не имеется;Разделенные
617;717;Ванна;Не имеется;Объединенная
618;718;Душ;В наличии;Объединенная
619;719;Ванна;Не имеется;Разделенные
620;720;Душ;В наличии;Объединенная
621;721;Ванна;Не имеется;Объединенная
622;722;Ванна;В наличии;Объединенная
623;723;Душ;Не имеется;Объединенная
624;724;Ванна;Не имеется;Объединенная
625;725;Ванна;Не имеется;Объединенная
626;726;Душ;Не имеется;Разделенные
627;727;Душ;В наличии;Разделенные
628;728;Душ;Не имеется;Объединенная
629;729;Ванна;Не имеется;Объединенная
630;730;Ванна;Не имеется;Объединенная
631;731;Ванна;В наличии;Разделенные
632;732;Ванна;Не имеется;Разделенные
633;733;Душ;В наличии;Объединенная
634;734;Ванна;Не имеется;Объединенная
635;735;Душ;В наличии;Разделенные
636;736;Душ;Не имеется;Разделенные
637;737;Душ;Не имеется;Объединенная
638;738;Душ;В наличии;Объединенная
639;739;Ванна;Не имеется;Объединенная
640;740;Душ;Не имеется;Разделенные
641;741;Ванна;В наличии;Объединенная
642;742;Душ;В наличии;Разделенные
643;743;Душ;Не имеется;Разделенные
644;744;Ванна;Не имеется;Объединенная
645;745;Ванна;Не имеется;Объединенная
646;746;Душ;В наличии;Объединенная
647;747;Душ;В наличии;Разделенные
648;748;Душ;В наличии;Объединенная
649;749;Душ;В наличии;Разделенные
650;750;Ванна;В наличии;Разделенные
651;751;Душ;В наличии;Объединенная
652;752;Душ;Не имеется;Объединенная
653;753;Ванна;В наличии;Объединенная
654;754;Ванна;В наличии;Объединенная
655;755;Ванна;В наличии;Разделенные
656;756;Душ;В наличии;Разделенные
657;757;Ванна;В наличии;Объединенная
658;758;Душ;Не имеется;Разделенные
659;759;Ванна;Не имеется;Разделенные
660;760;Душ;В наличии;Объединенная
661;761;Ванна;В наличии;Разделенные
662;762;Душ;В наличии;Разделенные
663;763;Душ;В наличии;Разделенные
664;764;Ванна;В наличии;Объединенная
665;765;Душ;В наличии;Разделенные
666;766;Душ;В наличии;Разделенные
667;767;Душ;В наличии;Разделенные
668;768;Ванна;В наличии;Объединенная
669;769;Ванна;В наличии;Объединенная
670;770;Душ;В наличии;Разделенные
671;771;Ванна;В наличии;Разделенные
672;772;Ванна;Не имеется;Объединенная
673;773;Душ;В наличии;Объединенная
674;774;Душ;Не имеется;Разделенные
675;775;Ванна;В наличии;Объединенная
676;776;Ванна;Не имеется;Объединенная
677;777;Ванна;В наличии;Объединенная
678;778;Ванна;Не имеется;Объединенная
679;779;Ванна;В наличии;Объединенная
680;780;Ванна;В наличии;Разделенные
681;781;Ванна;В наличии;Разделенные
682;782;Ванна;В наличии;Разделенные
683;783;Душ;В наличии;Объединенная
684;784;Ванна;Не имеется;Разделенные
685;785;Ванна;В наличии;Разделенные
686;786;Ванна;В наличии;Объединенная
687;787;Ванна;В наличии;Разделенные
688;788;Ванна;В наличии;Объединенная
689;789;Душ;В наличии;Объединенная
690;790;Душ;Не имеется;Объединенная
691;791;Ванна;В наличии;Разделенные
692;792;Душ;В наличии;Разделенные
693;793;Душ;В наличии;Объединенная
694;794;Ванна;В наличии;Объединенная
695;795;Душ;Не имеется;Объединенная
696;796;Душ;Не имеется;Объединенная
697;797;Душ;В наличии;Объединенная
698;798;Ванна;В наличии;Объединенная
699;799;Душ;В наличии;Разделенные
700;800;Ванна;Не имеется;Разделенные
701;801;Душ;В наличии;Объединенная
702;802;Ванна;Не имеется;Разделенные
703;803;Ванна;Не имеется;Разделенные
704;804;Душ;В наличии;Разделенные
705;805;Душ;Не имеется;Объединенная
706;806;Душ;Не имеется;Разделенные
707;807;Душ;В наличии;Разделенные
708;808;Ванна;В наличии;Разделенные
709;809;Ванна;Не имеется;Объединенная
710;810;Ванна;В наличии;Объединенная
711;811;Душ;В наличии;Разделенные
712;812;Ванна;В наличии;Объединенная
713;813;Ванна;В наличии;Разделенные
714;814;Душ;Не имеется;Объединенная
715;815;Душ;В наличии;Объединенная
716;816;Душ;Не имеется;Объединенная
717;817;Душ;Не имеется;Объединенная
718;818;Ванна;Не имеется;Разделенные
719;819;Ванна;В наличии;Разделенные
720;820;Ванна;В наличии;Разделенные
721;821;Душ;Не имеется;Объединенная
722;822;Ванна;В наличии;Объединенная
723;823;Ванна;В наличии;Объединенная
724;824;Ванна;В наличии;Разделенные
725;825;Ванна;В наличии;Разделенные
726;826;Ванна;Не имеется;Разделенные
727;827;Ванна;Не имеется;Разделенные
728;828;Душ;Не имеется;Разделенные
729;829;Ванна;В наличии;Объединенная
730;830;Ванна;Не имеется;Объединенная
731;831;Душ;В наличии;Объединенная
732;832;Душ;В наличии;Объединенная
733;833;Душ;Не имеется;Объединенная
734;834;Ванна;В наличии;Разделенные
735;835;Душ;В наличии;Объединенная
736;836;Душ;Не имеется;Объединенная
737;837;Душ;Не имеется;Объединенная
738;838;Ванна;В наличии;Объединенная
739;839;Ванна;В наличии;Разделенные
740;840;Ванна;В наличии;Объединенная
741;841;Душ;Не имеется;Разделенные
742;842;Ванна;В наличии;Объединенная
743;843;Ванна;В наличии;Объединенная
744;844;Ванна;Не имеется;Разделенные
745;845;Ванна;В наличии;Разделенные
746;846;Ванна;Не имеется;Объединенная
747;847;Ванна;В наличии;Объединенная
748;848;Душ;Не имеется;Объединенная
749;849;Душ;Не имеется;Объединенная
750;850;Ванна;Не имеется;Разделенные
751;851;Ванна;Не имеется;Разделенные
752;852;Ванна;В наличии;Объединенная
753;853;Душ;Не имеется;Объединенная
754;854;Душ;В наличии;Разделенные
755;855;Ванна;Не имеется;Разделенные
756;856;Душ;В наличии;Объединенная
757;857;Ванна;Не имеется;Объединенная
758;858;Душ;В наличии;Разделенные
759;859;Душ;Не имеется;Объединенная
760;860;Ванна;В наличии;Объединенная
761;861;Ванна;В наличии;Разделенные
762;862;Душ;Не имеется;Разделенные
763;863;Ванна;Не имеется;Разделенные
764;864;Душ;Не имеется;Разделенные
765;865;Душ;Не имеется;Объединенная
766;866;Ванна;В наличии;Объединенная
767;867;Ванна;В наличии;Объединенная
768;868;Ванна;В наличии;Разделенные
769;869;Душ;В наличии;Разделенные
770;870;Душ;Не имеется;Объединенная
771;871;Душ;Не имеется;Объединенная
772;872;Ванна;В наличии;Разделенные
773;873;Душ;Не имеется;Объединенная
774;874;Душ;Не имеется;Объединенная
775;875;Ванна;В наличии;Разделенные
776;876;Ванна;В наличии;Объединенная
777;877;Ванна;Не имеется;Разделенные
778;878;Ванна;Не имеется;Разделенные
779;879;Душ;Не имеется;Объединенная
780;880;Ванна;Не имеется;Разделенные
781;881;Душ;В наличии;Разделенные
782;882;Ванна;В наличии;Объединенная
783;883;Ванна;В наличии;Разделенные
784;884;Душ;Не имеется;Разделенные
785;885;Душ;Не имеется;Разделенные
786;886;Душ;В наличии;Разделенные
787;887;Душ;Не имеется;Объединенная
788;888;Душ;Не имеется;Объединенная
789;889;Ванна;В наличии;Разделенные
790;890;Душ;В наличии;Объединенная
791;891;Душ;Не имеется;Разделенные
792;892;Ванна;Не имеется;Объединенная
793;893;Душ;Не имеется;Разделенные
794;894;Ванна;Не имеется;Объединенная
795;895;Душ;Не имеется;Разделенные
796;896;Ванна;В наличии;Разделенные
797;897;Душ;В наличии;Разделенные
798;898;Ванна;Не имеется;Разделенные
799;899;Душ;Не имеется;Объединенная
800;900;Душ;В наличии;Объединенная
801;901;Ванна;В наличии;Разделенные
802;902;Душ;В наличии;Разделенные
803;903;Душ;В наличии;Объединенная
804;904;Ванна;Не имеется;Разделенные
805;905;Ванна;В наличии;Объединенная
806;906;Душ;В наличии;Объединенная
807;907;Ванна;Не имеется;Разделенные
808;908;Душ;Не имеется;Разделенные
809;909;Душ;В наличии;Объединенная
810;910;Ванна;Не имеется;Разделенные
811;911;Ванна;Не имеется;Разделенные
812;912;Ванна;В наличии;Объединенная
813;913;Душ;В наличии;Объединенная
814;914;Душ;В наличии;Объединенная
815;915;Душ;Не имеется;Объединенная
816;916;Ванна;Не имеется;Объединенная
817;917;Душ;В наличии;Разделенные
818;918;Ванна;В наличии;Разделенные
819;919;Душ;В наличии;Разделенные
820;920;Ванна;Не имеется;Разделенные
821;921;Душ;В наличии;Разделенные
822;922;Душ;В наличии;Объединенная
823;923;Душ;Не имеется;Объединенная
824;924;Душ;Не имеется;Объединенная
825;925;Душ;Не имеется;Разделенные
826;926;Ванна;Не имеется;Разделенные
827;927;Душ;Не имеется;Объединенная
828;928;Ванна;В наличии;Разделенные
829;929;Душ;Не имеется;Объединенная
830;930;Душ;Не имеется;Объединенная
831;931;Душ;В наличии;Разделенные
832;932;Ванна;В наличии;Разделенные
833;933;Ванна;В наличии;Разделенные
834;934;Душ;Не имеется;Разделенные
835;935;Душ;Не имеется;Разделенные
836;936;Ванна;Не имеется;Разделенные
837;937;Душ;В наличии;Объединенная
838;938;Ванна;В наличии;Разделенные
839;939;Душ;Не имеется;Разделенные
840;940;Душ;Не имеется;Объединенная
841;941;Ванна;Не имеется;Разделенные
842;942;Душ;В наличии;Разделенные
843;943;Душ;Не имеется;Объединенная
844;944;Ванна;В наличии;Разделенные
845;945;Ванна;Не имеется;Разделенные
846;946;Душ;Не имеется;Объединенная
847;947;Душ;Не имеется;Объединенная
848;948;Душ;В наличии;Объединенная
849;949;Душ;В наличии;Объединенная
850;950;Ванна;В наличии;Объединенная
851;951;Ванна;Не имеется;Объединенная
852;952;Душ;В наличии;Объединенная
853;953;Ванна;Не имеется;Разделенные
854;954;Душ;Не имеется;Объединенная
855;955;Ванна;В наличии;Объединенная
856;956;Душ;Не имеется;Разделенные
857;957;Душ;В наличии;Разделенные
858;958;Душ;В наличии;Объединенная
859;959;Душ;Не имеется;Разделенные
860;960;Душ;В наличии;Разделенные
861;961;Душ;Не имеется;Разделенные
862;962;Душ;Не имеется;Разделенные
863;963;Душ;В наличии;Объединенная
864;964;Душ;В наличии;Разделенные
865;965;Ванна;В наличии;Разделенные
866;966;Ванна;Не имеется;Разделенные
867;967;Ванна;В наличии;Объединенная
868;968;Душ;В наличии;Разделенные
869;969;Душ;В наличии;Объединенная
870;970;Ванна;В наличии;Объединенная
871;971;Душ;Не имеется;Объединенная
872;972;Душ;Не имеется;Разделенные
873;973;Ванна;Не имеется;Разделенные
874;974;Душ;В наличии;Разделенные
875;975;Душ;В наличии;Разделенные
876;976;Ванна;Не имеется;Разделенные
877;977;Ванна;Не имеется;Объединенная
878;978;Душ;Не имеется;Разделенные
879;979;Ванна;В наличии;Разделенные
880;980;Душ;В наличии;Разделенные
881;981;Душ;В наличии;Объединенная
882;982;Душ;Не имеется;Объединенная
883;983;Душ;Не имеется;Объединенная
884;984;Ванна;В наличии;Объединенная
885;985;Душ;Не имеется;Объединенная
886;986;Душ;Не имеется;Объединенная
887;987;Душ;Не имеется;Разделенные
888;988;Душ;В наличии;Объединенная
889;989;Душ;Не имеется;Разделенные
890;990;Душ;Не имеется;Разделенные
891;991;Душ;Не имеется;Объединенная
892;992;Ванна;Не имеется;Разделенные
893;993;Ванна;Не имеется;Объединенная
894;994;Ванна;Не имеется;Разделенные
895;995;Душ;Не имеется;Разделенные
896;996;Ванна;В наличии;Разделенные
897;997;Душ;Не имеется;Объединенная
898;998;Душ;Не имеется;Объединенная
899;999;Ванна;В наличии;Объединенная
900;1000;Ванна;Не имеется;Объединенная
901;1001;Ванна;В наличии;Объединенная
902;1002;Ванна;Не имеется;Разделенные
903;1003;Душ;Не имеется;Разделенные
904;1004;Ванна;Не имеется;Разделенные
905;1005;Душ;Не имеется;Разделенные
906;1006;Душ;Не имеется;Объединенная
907;1007;Душ;В наличии;Объединенная
908;1008;Душ;Не имеется;Объединенная
909;1009;Душ;Не имеется;Объединенная
910;1010;Душ;Не имеется;Объединенная
911;1011;Ванна;В наличии;Разделенные
912;1012;Душ;Не имеется;Разделенные
913;1013;Душ;Не имеется;Объединенная
914;1014;Ванна;В наличии;Разделенные
915;1015;Душ;В наличии;Объединенная
916;1016;Ванна;Не имеется;Объединенная
917;1017;Душ;Не имеется;Разделенные
918;1018;Ванна;В наличии;Объединенная
919;1019;Душ;Не имеется;Объединенная
920;1020;Душ;Не имеется;Объединенная
921;1021;Ванна;В наличии;Разделенные
922;1022;Душ;Не имеется;Объединенная
923;1023;Ванна;Не имеется;Разделенные
924;1024;Душ;Не имеется;Объединенная
925;1025;Душ;В наличии;Разделенные
926;1026;Душ;Не имеется;Объединенная
927;1027;Душ;Не имеется;Разделенные
928;1028;Душ;Не имеется;Объединенная
929;1029;Ванна;В наличии;Объединенная
930;1030;Душ;Не имеется;Объединенная
931;1031;Ванна;Не имеется;Объединенная
932;1032;Ванна;Не имеется;Объединенная
933;1033;Ванна;В наличии;Разделенные
934;1034;Ванна;Не имеется;Разделенные
935;1035;Ванна;В наличии;Разделенные
936;1036;Душ;В наличии;Объединенная
937;1037;Душ;В наличии;Объединенная
938;1038;Душ;Не имеется;Разделенные
939;1039;Ванна;В наличии;Объединенная
940;1040;Ванна;В наличии;Разделенные
941;1041;Ванна;В наличии;Объединенная
942;1042;Ванна;В наличии;Разделенные
943;1043;Душ;Не имеется;Объединенная
944;1044;Ванна;В наличии;Разделенные
945;1045;Душ;В наличии;Разделенные
946;1046;Душ;Не имеется;Разделенные
947;1047;Ванна;Не имеется;Разделенные
948;1048;Ванна;В наличии;Разделенные
949;1049;Ванна;Не имеется;Разделенные
950;1050;Душ;Не имеется;Объединенная
951;1051;Ванна;В наличии;Объединенная
952;1052;Душ;Не имеется;Разделенные
953;1053;Ванна;В наличии;Разделенные
954;1054;Душ;В наличии;Объединенная
955;1055;Душ;В наличии;Объединенная
956;1056;Душ;В наличии;Разделенные
957;1057;Ванна;Не имеется;Объединенная
958;1058;Ванна;В наличии;Разделенные
959;1059;Ванна;В наличии;Разделенные
960;1060;Душ;Не имеется;Разделенные
961;1061;Душ;Не имеется;Объединенная
962;1062;Ванна;В наличии;Объединенная
963;1063;Душ;В наличии;Разделенные
964;1064;Ванна;Не имеется;Объединенная
965;1065;Душ;В наличии;Объединенная
966;1066;Душ;Не имеется;Разделенные
967;1067;Душ;Не имеется;Разделенные
968;1068;Душ;В наличии;Объединенная
969;1069;Ванна;Не имеется;Разделенные
970;1070;Душ;Не имеется;Разделенные
971;1071;Душ;Не имеется;Разделенные
972;1072;Душ;В наличии;Объединенная
973;1073;Ванна;В наличии;Разделенные
974;1074;Ванна;Не имеется;Разделенные
975;1075;Ванна;В наличии;Объединенная
976;1076;Ванна;Не имеется;Объединенная
977;1077;Ванна;В наличии;Разделенные
978;1078;Душ;Не имеется;Объединенная
979;1079;Душ;В наличии;Объединенная
980;1080;Ванна;В наличии;Разделенные
981;1081;Душ;В наличии;Объединенная
982;1082;Ванна;Не имеется;Разделенные
983;1083;Душ;Не имеется;Разделенные
984;1084;Ванна;Не имеется;Разделенные
985;1085;Душ;Не имеется;Объединенная
986;1086;Ванна;В наличии;Объединенная
987;1087;Ванна;Не имеется;Объединенная
988;1088;Ванна;В наличии;Объединенная
989;1089;Ванна;Не имеется;Объединенная
990;1090;Ванна;В наличии;Разделенные
991;1091;Душ;Не имеется;Объединенная
992;1092;Душ;Не имеется;Объединенная
993;1093;Душ;В наличии;Разделенные
994;1094;Ванна;В наличии;Объединенная
995;1095;Душ;В наличии;Разделенные
996;1096;Душ;В наличии;Разделенные
997;1097;Душ;В наличии;Объединенная
998;1098;Душ;В наличии;Разделенные
999;1099;Ванна;Не имеется;Разделенные
